,o_year,mkt_share
0,1995.0,0.04010803898633946
1,1996.0,0.039935629931511396
