{
  "sqlserver": 
    {
      "clickhouse": 
        {
          "query_1": [4.13959382497116e-05, 4.092617901745827e-05, 4.185281811934142e-05, 4.064802654324989e-05, 4.1324744871528274e-05],
          "query_2": [0.00022325218893933419, 0.0002245369860099472, 0.00014243966452297786, 0.0001945221695129118, 0.00020981492186297315],
          "query_3": [0.014, 0.0147, 0.0162, 0.0153, 0.0148],
          "query_4": [0.0004867081334013606, 0.00047276124155694316, 0.0004905656381366935, 0.0004837781876007486, 0.0004940594127715532],
          "query_30": [9.015691048375829e-05, 9.009971375371589e-05, 8.845807944658326e-05, 8.950389128175246e-05, 9.032101440455824e-05]
        },
      "ssb":
        {
          "query_1": [0.00014941785112604814, 0.00014597656885694468, 0.0001473101763213319, 0.0001464266880253916, 0.00014715989399546748],
          "query_2": [ 0.0007,  0.0007, 0.0008, 0.0007, 0.0007],
          "query_3": [0.0029, 0.0031, 0.0039,  0.0031, 0.003],
          "query_7": [0.018, 0.0171, 0.0176, 0.0185, 0.0176],
          "query_11": [0.0129, 0.0134, 0.013, 0.0114, 0.0126]
        },
      "tpch":
        {
          "query_1": [0.0004185238838730365, 0.0004117022956815585, 0.0004175476251352488, 0.0004323777650405058,0.0004309671012765528],
          "query_6": [0.00010531367571015592, 0.00010577935273655651, 0.00010501903021251446, 0.00010511356764230399, 0.00010547291722876472],
          "query_7": [0.0076, 0.0076, 0.0079, 0.0078, 0.0087],
          "query_9": [0.0283, 0.0303, 0.0281, 0.0277, 0.0296],
          "query_12": [0.0018, 0.0018, 0.0018, 0.0019, 0.0019],
          "query_14": [0.0052, 0.0052, 0.0051, 0.0053, 0.0052],
          "query_19": [0.0867, 0.0374, 0.0695, 0.0844, 0.091],
          "query_5":[0.0082, 0.0083, 0.0083, 0.0085, 0.0093]
        }
     },
     "postgres": 
     {
       "clickhouse": 
         {
           "query_1": [4.31894265487641e-05, 4.3219285949197535e-05, 4.421587887221153e-05, 4.315388894690038e-05, 4.3409595830870195e-05],
           "query_2": [0.0003389101844167394, 0.0002996309524326007, 0.0003185058446596599, 0.000318098359070209, 0.00031408928920223094],
           "query_3": [0.0141, 0.0146, 0.0142, 0.0141, 0.0143],
           "query_4": [0.0008, 0.0007, 0.0008, 0.0007, 0.0007],
           "query_30": [9.475189787723392e-05, 9.518611767030229e-05, 9.374831690841632e-05, 9.346919918499754e-05, 9.261457623298497e-05]
         },
       "ssb":
         {
           "query_1": [0.00014049588714134547, 0.00013920466843539122, 0.00013977021894489124, 0.00013882904741014515, 0.00013700831933654656],
           "query_2": [0.0007, 0.0007, 0.0007, 0.0007, 0.0007],
           "query_3": [0.0025, 0.0028, 0.0033,  0.0029, 0.0028],
           "query_7": [0.0169, 0.0187, 0.0172, 0.0184, 0.0175],
           "query_11": [0.012, 0.0115, 0.0124, 0.0128, 0.0121]
         },
       "tpch":
         {
           "query_1": [0.00040465294414177613, 0.0004100986891475897, 0.00040332626074357514, 0.0004165652736759323, 0.0004106169376462364],
           "query_6": [0.0001009397010317117,  0.00010409936931422298,0.00010167109350157384, 0.00010189777947597989, 0.00010288935163134506],
           "query_7": [0.0069, 0.0062, 0.0074, 0.0067, 0.0064],
           "query_9": [0.0283, 0.0333, 0.0304, 0.0288, 0.0315],
           "query_12": [0.0019, 0.0018, 0.0019, 0.002, 0.0018],
           "query_14": [0.0052, 0.005, 0.0053, 0.0051, 0.0051],
           "query_19": [0.0348, 0.0471],
           "query_5":[0.0082, 0.008, 0.0087, 0.0089, 0.0081]
         }
      },
    "duckdb": 
     {
       "clickhouse": 
         {
           "query_1": [],
           "query_2": [0.0151, 0.0196, 0.0151, 0.0215, 0.0205],
           "query_3": [0.0451, 0.0446, 0.0367, 0.0375, 0.0383],
           "query_4": [0.0857, 0.1064, 0.0853, 0.08, 0.1121],
           "query_30": [0.0328, 0.0406,0.0377, 0.0359, 0.035]
         },
       "ssb":
         {
           "query_1": [0.001, 0.0009, 0.001, 0.001, 0.001],
           "query_2": [0.0021, 0.0022, 0.0019, 0.0023, 0.0022],
           "query_3": [0.0047, 0.0051, 0.0049, 0.0052, 0.0051],
           "query_7": [0.0264, 0.0255, 0.0304, 0.0264, 0.0247],
           "query_11": [0.0173, 0.0161, 0.0175, 0.019, 0.0171],
           "query_6": [0.6302, 0.4375, 0.3413, 0.4372, 0.1485],
           "query_12": [0.533, 0.7348, 0.6848, 0.6262, 0.4327]
         },
       "tpch":
         {
           "query_1": [0.0021, 0.002, 0.0022, 0.0022, 0.0021],
           "query_6": [0.0009, 0.0009, 0.0009, 0.001, 0.0009],
           "query_7": [0.0102, 0.0112, 0.0117, 0.0103, 0.0105],
           "query_9": [0.039, 0.04, 0.0371, 0.0356, 0.0344],
           "query_12": [0.0036, 0.0035, 0.0036, 0.0036, 0.0034],
           "query_14": [0.0091, 0.009, 0.0096, 0.0091, 0.009],
           "query_19": [0.0845, 0.0393, 0.1192, 0.0869, 0.1387],
           "query_5":[0.0114, 0.0138, 0.0121, 0.0104, 0.0122]
         }
      }
  }