{"sqlserver": 
  {"clickhouse": 
    {"query_1": [4.13959382497116e-05, 4.092617901745827e-05, 4.185281811934142e-05, 4.064802654324989e-05, 4.1324744871528274e-05],
    "query_2": [0.00022325218893933419, 0.0002245369860099472, 0.00014243966452297786, 0.0001945221695129118, 0.00020981492186297315],
    "query_3": [0.014, 0.0147, 0.0162, 0.0153, 0.0148],
    "query_4": [0.0004867081334013606, 0.00047276124155694316, 0.0004905656381366935, 0.0004837781876007486, 0.0004940594127715532],
    "query_30": [9.015691048375829e-05, 9.009971375371589e-05, 8.845807944658326e-05, 8.950389128175246e-05, 9.032101440455824e-05]}
  }
}