{
    "uniform":{
        "sum": 0.5658612263043402,
        "cnt": 7.453559896830709e-05
    },
    "1_5": {
        "sum": 0.7113792454777809,
        "cnt": 4.45438966541714
    },
    "2": {
        "sum": 2.2643942485697335,
        "cnt": 6.316111251266009
    },
    "2_5": {
        "sum": 4.4548836698921175,
        "cnt": 7.566318581752245
    },
    "3": {
        "sum": 6.314865214159236,
        "cnt": 8.373172173696156
    },
    "3_5": {
        "sum": 7.567106474335439,
        "cnt": 8.900969158414771
    },
    "4": {
        "sum": 8.246933389763136,
        "cnt": 9.110572284366805
    }
}