{
    "query_1": {
        "page_sum_mean": 507.1678675675375716,
        "page_sum_std": 34.8815080458196542,
        "n_pages": 3243676,
        "mean": 2.7414482069057459,
        "std": 2.5538640581545147,
        "n_rows": 600000000
    }
}